source,train_r2,test_r2,train_rmse,test_rmse,train_mae,test_mae,overfit_gap
XGBoost Regressor,0.9157572771033222,0.7177593014806469,0.2902459696476038,0.5289150894628819,0.21902698000659415,0.411451797403243,0.1979979756226753
Stacking Ensemble,0.8318346113616388,0.681728443676853,0.41007973448874696,0.5616620127816573,0.3177477833460163,0.4377464954688483,0.1501061676847858
Random Forest Regressor,0.9397340379543796,0.669483455458922,0.24549126674002156,0.5723645664450381,0.18495733334813916,0.4444685610965356,0.27025058249545764
Neural Network Regressor,0.7342138575754129,0.6375000766738961,0.5155445106143475,0.599418437951242,0.40504073795375456,0.47176285687697267,0.09671378090151683
Ridge Regression,0.5885393129706067,0.5821082435874192,0.6414520145960985,0.6435881514973935,0.5082738899388326,0.5098999873730207,0.006431069383187493
Linear Regression,0.5885393137225421,0.5821079473509438,0.6414520140099786,0.6435883796117903,0.508273289710971,0.5098993092775368,0.006431366371598246
Lasso Regression,0.5885061573895811,0.5820425642294353,0.6414778582386291,0.6436387253543598,0.5082953214432367,0.5100265205899925,0.006463593160145775
Decision Tree Regressor,0.7289064540062541,0.5236637528766462,0.5206664440827216,0.6871205754111099,0.40672894747273486,0.5343410433858061,0.20524270112960785
